inventory_id	primary_curriculum_section	mapping_status
JS-01	1.1	mapped
JS-02	1.1	mapped
JS-03	1.1	mapped
JS-04	1.1	mapped
JS-05	1.2	mapped
JS-06	1.2	mapped
JS-07	1.2	mapped
JS-08	1.2	mapped
JS-09	1.2	mapped
JS-10	1.2	mapped
JS-11	1.2	mapped
JS-12	1.3	mapped
JS-13	1.3	mapped
JS-14	1.3	mapped
JS-15	1.3	mapped
JS-16	1.3	mapped
JS-17	1.3	mapped
JS-18	1.3	mapped
JS-19	1.3	mapped
JS-20	1.3	mapped
JS-21	1.3	mapped
JS-22	1.1	mapped
JS-23	1.4	mapped
JS-24	1.4	mapped
JS-25	1.4	mapped
JS-26	1.4	mapped
JS-27	1.4	mapped
JS-28	1.4	mapped
JS-29	1.5	mapped
JS-30	1.5	mapped
JS-31	1.5	mapped
JS-32	1.5	mapped
JS-33	1.5	mapped
JS-34	1.5	mapped
JS-35	1.6	mapped
JS-36	1.6	mapped
JS-37	1.6	mapped
JS-38	1.6	mapped
JS-39	1.4	mapped
JS-40	1.2	mapped
JS-41	1.7	mapped
JS-42	1.7	mapped
JS-43	1.7	mapped
JS-44	1.7	mapped
JS-45	1.8	mapped
JS-46	1.9	mapped
JS-47	1.9	mapped
JS-48	1.9	mapped
JS-49	1.9	mapped
JS-50	1.10	mapped
JS-51	1.10	mapped
JS-52	1.10	mapped
JS-53	1.10	mapped
JS-54	1.10	mapped
JS-55	1.10	mapped
JS-56	1.11	mapped
JS-57	1.11	mapped
JS-58	1.11	mapped
JS-59	1.12	mapped
JS-60	1.12	mapped
TS-01	2.1	mapped
TS-02	2.1	mapped
TS-03	2.1	mapped
TS-04	2.2	mapped
TS-05	2.3	mapped
TS-06	2.3	mapped
TS-07	2.2	mapped
TS-08	2.2	mapped
TS-09	2.4	mapped
TS-10	2.4	mapped
TS-11	2.4	mapped
TS-12	2.5	mapped
TS-13	2.5	mapped
TS-14	2.5	mapped
TS-15	2.5	mapped
TS-16	2.5	mapped
TS-17	2.5	mapped
TS-18	2.5	mapped
TS-19	2.6	mapped
TS-20	2.6	mapped
TS-21	2.6	mapped
TS-22	2.7	mapped
TS-23	2.7	mapped
TS-24	2.8	mapped
TS-25	2.8	mapped
TS-26	2.8	mapped
TS-27	2.8	mapped
TS-28	2.7	mapped
RE-01	3.1	mapped
RE-02	3.1	mapped
RE-03	3.1	mapped
RE-04	3.1	mapped
RE-05	3.2	mapped
RE-06	3.2	mapped
RE-07	3.2	mapped
RE-08	3.2	mapped
RE-09	3.2	mapped
RE-10	3.3	mapped
RE-11	3.3	mapped
RE-12	3.3	mapped
RE-13	3.3	mapped
RE-14	3.4	mapped
RE-15	3.4	mapped
RE-16	3.4	mapped
RE-17	3.4	mapped
RE-18	3.4	mapped
RE-19	3.4	mapped
RE-20	3.7	mapped
RE-21	3.7	mapped
RE-22	3.6	mapped
RE-23	3.6	mapped
RE-24	3.5	mapped
RE-25	3.5	mapped
RE-26	3.5	mapped
RE-27	3.5	mapped
RE-28	3.8	mapped
RE-29	3.8	mapped
RE-30	3.8	mapped
RE-31	3.8	mapped
RE-32	3.9	mapped
RE-33	3.9	mapped
RE-34	3.10	mapped
RE-35	3.10	mapped
RE-36	3.10	mapped
RE-37	3.10	mapped
RE-38	3.8	mapped
RE-39	3.8	mapped
RE-40	3.12	mapped
RE-41	3.12	mapped
RE-42	3.11	mapped
RE-43	3.11	mapped
RE-44	3.11	mapped
RE-45	3.7	mapped
RE-46	3.7	mapped
RE-47	3.12	mapped
RE-48	3.13	mapped
NX-01	4.1	mapped
NX-02	4.1	mapped
NX-03	4.1	mapped
NX-04	4.2	mapped
NX-05	4.2	mapped
NX-06	4.3	mapped
NX-07	4.4	mapped
NX-08	4.4	mapped
NX-09	4.4	mapped
NX-10	4.5	mapped
NX-11	4.6	mapped
NX-12	4.6	mapped
NX-13	4.7	mapped
NX-14	4.3	mapped
NX-15	4.4	mapped
NX-16	4.8	mapped
NX-17	4.8	mapped
NX-18	4.7	mapped
NX-19	4.7	mapped
NX-20	4.9	mapped
HD-01	5.1	mapped
HD-02	5.1	mapped
HD-03	5.1	mapped
HD-04	5.1	mapped
HD-05	5.2	mapped
HD-06	5.2	mapped
HD-07	5.2	mapped
HD-08	5.2	mapped
HD-09	5.2	mapped
HD-10	5.3	mapped
HD-11	5.3	mapped
HD-12	5.3	mapped
HD-13	5.3	mapped
HD-14	5.4	mapped
HD-15	5.2	mapped
HD-16	5.5	mapped
HD-17	5.5	mapped
HD-18	5.5	mapped
HD-19	5.6	mapped
HD-20	5.6	mapped
HD-21	5.6	mapped
HD-22	5.6	mapped
HD-23	5.6	mapped
HD-24	5.6	mapped
HD-25	5.7	mapped
CSS-01	6.1	mapped
CSS-02	6.1	mapped
CSS-03	6.1	mapped
CSS-04	6.2	mapped
CSS-05	6.2	mapped
CSS-06	6.2	mapped
CSS-07	6.2	mapped
CSS-08	6.2	mapped
CSS-09	6.2	mapped
CSS-10	6.2	mapped
CSS-11	6.2	mapped
CSS-12	6.2	mapped
CSS-13	6.3	mapped
CSS-14	6.3	mapped
CSS-15	6.3	mapped
CSS-16	6.3	mapped
CSS-17	6.3	mapped
CSS-18	6.3	mapped
CSS-19	6.4	mapped
CSS-20	6.4	mapped
CSS-21	6.4	mapped
CSS-22	6.5	mapped
CSS-23	6.5	mapped
CSS-24	6.4	mapped
CSS-25	6.6	mapped
CSS-26	6.6	mapped
CSS-27	6.7	mapped
CSS-28	6.7	mapped
AX-01	7.1	mapped
AX-02	7.1	mapped
AX-03	7.1	mapped
AX-04	7.2	mapped
AX-05	7.2	mapped
AX-06	7.2	mapped
AX-07	7.2	mapped
AX-08	7.5	mapped
AX-09	7.3	mapped
AX-10	7.3	mapped
AX-11	7.2	mapped
AX-12	7.3	mapped
AX-13	7.3	mapped
AX-14	7.3	mapped
AX-15	7.4	mapped
AX-16	7.4	mapped
AX-17	7.3	mapped
AX-18	7.5	mapped
AX-19	7.5	mapped
AX-20	7.5	mapped
BR-01	8.1	mapped
BR-02	8.1	mapped
BR-03	8.1	mapped
BR-04	8.1	mapped
BR-05	8.2	mapped
BR-06	8.2	mapped
BR-07	8.2	mapped
BR-08	8.2	mapped
BR-09	8.3	mapped
BR-10	8.4	mapped
BR-11	8.4	mapped
BR-12	8.5	mapped
BR-13	8.6	mapped
BR-14	8.6	mapped
BR-15	8.6	mapped
BR-16	8.6	mapped
BR-17	8.7	mapped
BR-18	8.8	mapped
BR-19	8.8	mapped
BR-20	8.8	mapped
BR-21	8.8	mapped
BR-22	8.9	mapped
BR-23	8.9	mapped
BR-24	8.7	mapped
BR-25	8.5	mapped
NET-01	9.1	mapped
NET-02	9.1	mapped
NET-03	9.1	mapped
NET-04	9.1	mapped
NET-05	9.1	mapped
NET-06	9.2	mapped
NET-07	9.3	mapped
NET-08	9.3	mapped
NET-09	9.3	mapped
NET-10	9.4	mapped
NET-11	9.5	mapped
NET-12	9.5	mapped
NET-13	9.5	mapped
NET-14	9.6	mapped
NET-15	9.6	mapped
NET-16	9.6	mapped
NET-17	9.6	mapped
NET-18	9.6	mapped
NET-19	9.6	mapped
NET-20	9.6	mapped
NET-21	9.6	mapped
NET-22	9.6	mapped
NET-23	9.7	mapped
NET-24	9.7	mapped
NET-25	9.7	mapped
NET-26	9.7	mapped
NET-27	9.7	mapped
PF-01	10.1	mapped
PF-02	10.1	mapped
PF-03	10.2	mapped
PF-04	10.2	mapped
PF-05	10.2	mapped
PF-06	10.1	mapped
PF-07	10.1	mapped
PF-08	10.3	mapped
PF-09	10.3	mapped
PF-10	10.4	mapped
PF-11	10.4	mapped
PF-12	10.4	mapped
PF-13	10.3	mapped
PF-14	10.3	mapped
PF-15	10.3	mapped
PF-16	10.5	mapped
PF-17	10.5	mapped
PF-18	10.6	mapped
PF-19	10.6	mapped
PF-20	10.6	mapped
PF-21	10.6	mapped
PF-22	10.7	mapped
PF-23	10.7	mapped
PF-24	10.8	mapped
SEC-01	11.1	mapped
SEC-02	11.1	mapped
SEC-03	11.2	mapped
SEC-04	11.2	mapped
SEC-05	11.2	mapped
SEC-06	11.2	mapped
SEC-07	11.3	mapped
SEC-08	11.3	mapped
SEC-09	11.4	mapped
SEC-10	11.4	mapped
SEC-11	11.4	mapped
SEC-12	11.4	mapped
SEC-13	11.5	mapped
SEC-14	11.5	mapped
SEC-15	11.5	mapped
SEC-16	11.5	mapped
SEC-17	11.5	mapped
SEC-18	11.5	mapped
SEC-19	11.4	mapped
SEC-20	11.6	mapped
ST-01	12.1	mapped
ST-02	12.1	mapped
ST-03	12.2	mapped
ST-04	12.2	mapped
ST-05	12.2	mapped
ST-06	12.2	mapped
ST-07	12.3	mapped
ST-08	12.3	mapped
ST-09	12.3	mapped
ST-10	12.1	mapped
ST-11	12.2	mapped
ST-12	12.2	mapped
ST-13	12.2	mapped
ST-14	12.4	mapped
ST-15	12.4	mapped
ST-16	12.4	mapped
ST-17	12.4	mapped
ST-18	12.1	mapped
TEST-01	13.1	mapped
TEST-02	13.1	mapped
TEST-03	13.1	mapped
TEST-04	13.2	mapped
TEST-05	13.3	mapped
TEST-06	13.4	mapped
TEST-07	13.3	mapped
TEST-08	13.4	mapped
TEST-09	13.5	mapped
TEST-10	13.5	mapped
TEST-11	13.5	mapped
TEST-12	13.6	mapped
TEST-13	13.6	mapped
TEST-14	13.6	mapped
TEST-15	13.4	mapped
TEST-16	13.6	mapped
TEST-17	13.6	mapped
TEST-18	13.7	mapped
TOOL-01	14.1	mapped
TOOL-02	14.1	mapped
TOOL-03	14.1	mapped
TOOL-04	14.1	mapped
TOOL-05	14.1	mapped
TOOL-06	14.1	mapped
TOOL-07	14.2	mapped
TOOL-08	14.3	mapped
TOOL-09	14.3	mapped
TOOL-10	14.3	mapped
TOOL-11	14.3	mapped
TOOL-12	14.3	mapped
TOOL-13	14.3	mapped
TOOL-14	14.4	mapped
TOOL-15	14.4	mapped
TOOL-16	14.4	mapped
TOOL-17	14.5	mapped
TOOL-18	14.5	mapped
TOOL-19	14.5	mapped
TOOL-20	14.5	mapped
TOOL-21	14.6	mapped
TOOL-22	14.7	mapped
TOOL-23	14.8	mapped
TOOL-24	14.8	mapped
ARCH-01	15.1	mapped
ARCH-02	15.2	mapped
ARCH-03	15.2	mapped
ARCH-04	15.3	mapped
ARCH-05	15.3	mapped
ARCH-06	15.1	mapped
ARCH-07	15.1	mapped
ARCH-08	15.4	mapped
ARCH-09	15.4	mapped
ARCH-10	15.4	mapped
ARCH-11	15.2	mapped
ARCH-12	15.4	mapped
ARCH-13	15.6	mapped
ARCH-14	15.6	mapped
ARCH-15	15.6	mapped
ARCH-16	15.2	mapped
ARCH-17	15.5	mapped
ARCH-18	15.5	mapped
ARCH-19	15.5	mapped
ARCH-20	15.5	mapped
ARCH-21	15.6	mapped
ARCH-22	15.6	mapped
ARCH-23	15.6	mapped
ARCH-24	15.7	mapped
ARCH-25	15.7	mapped
UI-01	16.2	mapped
UI-02	16.2	mapped
UI-03	16.2	mapped
UI-04	16.3	mapped
UI-05	16.3	mapped
UI-06	16.3	mapped
UI-07	16.4	mapped
UI-08	16.2	mapped
UI-09	16.3	mapped
UI-10	16.4	mapped
UI-11	16.4	mapped
UI-12	16.4	mapped
UI-13	16.5	mapped
UI-14	16.5	mapped
UI-15	16.5	mapped
UI-16	16.3	mapped
UI-17	16.5	mapped
UI-18	16.6	mapped
UI-19	16.6	mapped
UI-20	16.6	mapped
UI-21	16.5	mapped
UI-22	16.6	mapped
UI-23	16.2	mapped
UI-24	16.2	mapped
DSA-01	17.1	mapped
DSA-02	17.2	mapped
DSA-03	17.2	mapped
DSA-04	17.2	mapped
DSA-05	17.3	mapped
DSA-06	17.3	mapped
DSA-07	17.3	mapped
DSA-08	17.2	mapped
DSA-09	17.6	mapped
DSA-10	17.3	mapped
DSA-11	17.4	mapped
DSA-12	17.4	mapped
DSA-13	17.4	mapped
DSA-14	17.4	mapped
DSA-15	17.5	mapped
DSA-16	17.5	mapped
DSA-17	17.5	mapped
DSA-18	17.5	mapped
DSA-19	17.6	mapped
DSA-20	17.3	mapped
DSA-21	17.6	mapped
DSA-22	17.6	mapped
DSA-23	17.5	mapped
DSA-24	17.5	mapped
DSA-25	17.2	mapped
DSA-26	17.5	mapped
DSA-27	17.6	mapped
DSA-28	17.1	mapped
SD-01	18.1	mapped
SD-02	18.1	mapped
SD-03	18.3	mapped
SD-04	18.3	mapped
SD-05	18.4	mapped
SD-06	18.4	mapped
SD-07	18.3	mapped
SD-08	18.4	mapped
SD-09	18.3	mapped
SD-10	18.3	mapped
SD-11	18.4	mapped
SD-12	18.4	mapped
SD-13	18.5	mapped
SD-14	18.5	mapped
SD-15	18.5	mapped
SD-16	18.3	mapped
SD-17	18.3	mapped
SD-18	18.6	mapped
SD-19	18.7	mapped
SD-20	18.6	mapped
SD-21	18.6	mapped
SD-22	18.6	mapped
SD-23	18.6	mapped
SD-24	18.7	mapped
ENG-01	19.1	mapped
ENG-02	19.2	mapped
ENG-03	19.2	mapped
ENG-04	19.2	mapped
ENG-05	19.2	mapped
ENG-06	19.3	mapped
ENG-07	19.3	mapped
ENG-08	19.3	mapped
ENG-09	19.3	mapped
ENG-10	19.3	mapped
ENG-11	19.4	mapped
ENG-12	19.4	mapped
ENG-13	19.5	mapped
ENG-14	19.5	mapped
ENG-15	19.5	mapped
ENG-16	19.5	mapped
ENG-17	19.3	mapped
ENG-18	19.3	mapped
ENG-19	19.5	mapped
ENG-20	19.6	mapped
ENG-21	19.6	mapped
ENG-22	19.6	mapped
ENG-23	19.6	mapped
ENG-24	19.6	mapped

